{
    "c": [
      1.10713, 1.10288, 1.10397, 1.10182, 1.10550, 1.10678, 1.10890, 1.10745, 1.10600, 1.10425
    ],
    "h": [
      1.1074, 1.10751, 1.10729, 1.10595, 1.10810, 1.10920, 1.11000, 1.10890, 1.10720, 1.10580
    ],
    "l": [
      1.09897, 1.1013, 1.10223, 1.10101, 1.10345, 1.10550, 1.10675, 1.10620, 1.10480, 1.10350
    ],
    "o": [
      1.0996, 1.107, 1.10269, 1.10398, 1.10480, 1.10625, 1.10750, 1.10800, 1.10650, 1.10500
    ],
    "s": "ok",
    "t": [
      1568667600, 1568754000, 1568840400, 1568926800, 1569013200, 1569099600, 1569186000, 1569272400, 1569358800, 1569445200
    ],
    "v": [
      75789, 75883, 73485, 5138, 64000, 70500, 78000, 65000, 72000, 68000
    ]
}  